scope,f_stat,p_value,mean_경타포스,mean_사냥,mean_사냥 외,n_경타포스,n_사냥,n_사냥 외
전체,7099.546932539304,0.0,369.7748356351451,285.25858502804897,233.6299640544272,287316,567591,836060
Lv.285~289,3738.8034327114096,0.0,348.01804555528844,272.92707108668833,227.87194001191153,200506,394205,574464
Lv.290~294,3593.13956795998,0.0,435.4572454596246,322.4740348591771,251.56692866015223,78700,157197,237194
Lv.295~299,200.1812175164046,2.620293739959141e-87,270.6884682102064,224.46922489656964,195.0428164903498,8098,16165,24366
Lv.300,1.5739688016540117,0.21456968101022955,0.0,20.566613177263193,51.72936448957349,12,24,36
