scope,f_stat,p_value,mean_경타포스,mean_사냥,mean_강화,n_경타포스,n_사냥,n_강화
전체,10132.706036054758,0.0,369.92751466972067,295.2579629956559,208.76479171568405,287084,742584,659952
Lv.285~289,5744.434929472158,0.0,348.19011612064423,285.1379716889411,202.7007595831143,200298,511526,456151
Lv.290~294,4481.79267329897,0.0,435.5388114182603,326.5102370715166,226.92787593373112,78676,209447,184821
Lv.295~299,320.48942008496783,5.279558533913909e-139,270.6884682102064,232.1727087235818,177.86531265886134,8098,21579,18952
Lv.300,1.5574384896570914,0.21798957233599764,0.0,53.39317327433775,23.116939039291225,12,32,28
